SampleID,Site,Genotype,Treatment_G1,Treatment_G2,Treatment_G1G2,Generation,parent,total_aboveground,roots,seed_count,pod_count
1FC01L,INRAE,Flavert,Control,none,NA,G1,NA,81.19,19.413,36,14
1FC03L,INRAE,Flavert,Control,none,NA,G1,NA,82.37,14.645,46,15
1FC05L,INRAE,Flavert,Control,none,NA,G1,NA,76.91,16.586,38,15
1FC07L,INRAE,Flavert,Control,none,NA,G1,NA,63.96,35.588,56,15
1FC09L,INRAE,Flavert,Control,none,NA,G1,NA,93.14,17.065,40,16
1FD01L,INRAE,Flavert,Drought,none,NA,G1,NA,72.64,11.427,49,10
1FD03L,INRAE,Flavert,Drought,none,NA,G1,NA,69.89,18.195,34,12
1FD05L,INRAE,Flavert,Drought,none,NA,G1,NA,71.64,22.351,41,12
1FD07L,INRAE,Flavert,Drought,none,NA,G1,NA,71.796,17.684,40,12
1FD09L,INRAE,Flavert,Drought,none,NA,G1,NA,69.06,13.509,49,11
1RC01L,INRAE,Red_Hawk,Control,none,NA,G1,NA,74.3,11.755,21,6
1RC03L,INRAE,Red_Hawk,Control,none,NA,G1,NA,59.66,18.863,18,8
1RC05L,INRAE,Red_Hawk,Control,none,NA,G1,NA,64.33,13.75,14,8
1RC07L,INRAE,Red_Hawk,Control,none,NA,G1,NA,82.09,14.916,21,8
1RC09L,INRAE,Red_Hawk,Control,none,NA,G1,NA,82.81,9.145,20,7
1RD01R,INRAE,Red_Hawk,Drought,none,NA,G1,NA,NA,11.228,18,5
1RD03L,INRAE,Red_Hawk,Drought,none,NA,G1,NA,69.075,9.025,15,6
1RD05L,INRAE,Red_Hawk,Drought,none,NA,G1,NA,58.99,4.9,18,5
1RD07L,INRAE,Red_Hawk,Drought,none,NA,G1,NA,70.371,12.573,21,5
1RD09L,INRAE,Red_Hawk,Drought,none,NA,G1,NA,29.386,13.693,18,6
C10F_C05_3L_S3,INRAE,Flavert,Control,Control,Control_Control,G2,FC10,43,3.02,39,10
C2F_C01_1L_S1,INRAE,Flavert,Control,Control,Control_Control,G2,FC02,39.6,2.02,40,9
C4F_C07_4L_S4,INRAE,Flavert,Control,Control,Control_Control,G2,FC04,53.6,1.7,34,9
C6F_C03_2L_S2,INRAE,Flavert,Control,Control,Control_Control,G2,FC06,43.9,2.62,41,10
C8F_C09_5L_S5,INRAE,Flavert,Control,Control,Control_Control,G2,FC08,44,1.59,33,9
C10F_D05_8L_S8,INRAE,Flavert,Control,Drought,Control_Drought,G2,FC10,24.4,2.44,27,7
C2F_D01_6L_S6,INRAE,Flavert,Control,Drought,Control_Drought,G2,FC02,21.4,2.09,26,5
C4F_D07_9L_S9,INRAE,Flavert,Control,Drought,Control_Drought,G2,FC04,28.6,2.62,22,5
C6F_D03_7L_S7,INRAE,Flavert,Control,Drought,Control_Drought,G2,FC06,21.3,1.08,22,6
C8F_D09_10L_S10,INRAE,Flavert,Control,Drought,Control_Drought,G2,FC08,27.9,2.13,22,6
D10F_C05_13L_S13,INRAE,Flavert,Drought,Control,Drought_Control,G2,FD10,44.1,1.9,34,10
D2F_C01_11L_S11,INRAE,Flavert,Drought,Control,Drought_Control,G2,FD02,41.4,1.23,35,7
D4F_C07_14L_S14,INRAE,Flavert,Drought,Control,Drought_Control,G2,FD04,43.4,1.57,35,10
D6F_C03_12L_S12,INRAE,Flavert,Drought,Control,Drought_Control,G2,FD06,43.8,0.98,30,10
D8F_C09_15L_S15,INRAE,Flavert,Drought,Control,Drought_Control,G2,FD08,44.3,1.39,40,9
D10F_D05_17L_S17,INRAE,Flavert,Drought,Drought,Drought_Drought,G2,FD10,23.6,1.77,22,6
D10F_D11_20L_S20,INRAE,Flavert,Drought,Drought,Drought_Drought,G2,FD10,28.8,1.06,23,6
D4F_D07_18L_S18,INRAE,Flavert,Drought,Drought,Drought_Drought,G2,FD04,23.2,1.67,24,6
D6F_D03_16L_S16,INRAE,Flavert,Drought,Drought,Drought_Drought,G2,FD06,23.3,1.75,26,6
D8F_D09_19L_S19,INRAE,Flavert,Drought,Drought,Drought_Drought,G2,FD08,21.9,1.69,25,6
C10R_C05_23L_S23,INRAE,Red_Hawk,Control,Control,Control_Control,G2,RC10,44.8,1.59,12,3
C2R_C01_21L_S21,INRAE,Red_Hawk,Control,Control,Control_Control,G2,RC02,38,0.92,13,5
C4R_C07_24L_S24,INRAE,Red_Hawk,Control,Control,Control_Control,G2,RC04,42.4,1.56,11,3
C6R_C03_22L_S22,INRAE,Red_Hawk,Control,Control,Control_Control,G2,RC06,49.2,1.94,9,3
C8R_C09_25L_S25,INRAE,Red_Hawk,Control,Control,Control_Control,G2,RC08,42.8,2,13,4
C10R_D05_27L_S27,INRAE,Red_Hawk,Control,Drought,Control_Drought,G2,RC10,26.3,3.09,6,2
C4R_D07_28L_S28,INRAE,Red_Hawk,Control,Drought,Control_Drought,G2,RC04,29.5,3.28,5,3
C6R_D03_26L_S26,INRAE,Red_Hawk,Control,Drought,Control_Drought,G2,RC06,26.8,3.57,6,2
C8R_D09_29L_S29,INRAE,Red_Hawk,Control,Drought,Control_Drought,G2,RC08,24.7,3.31,6,2
C8R_D11_30L_S30,INRAE,Red_Hawk,Control,Drought,Control_Drought,G2,RC08,25.3,2.44,8,3
D10R_C05_33L_S33,INRAE,Red_Hawk,Drought,Control,Drought_Control,G2,RD10,40.4,2,12,4
D2R_C01_31L_S31,INRAE,Red_Hawk,Drought,Control,Drought_Control,G2,RD02,41.7,1.43,10,3
D4R_C07_34L_S34,INRAE,Red_Hawk,Drought,Control,Drought_Control,G2,RD04,36.7,1.44,11,3
D6R_C03_32L_S32,INRAE,Red_Hawk,Drought,Control,Drought_Control,G2,RD06,40.2,1.07,12,4
D8R_C09_35L_S35,INRAE,Red_Hawk,Drought,Control,Drought_Control,G2,RD08,36.7,2.55,13,4
D10R_D05_38L_S38,INRAE,Red_Hawk,Drought,Drought,Drought_Drought,G2,RD10,19.6,3.72,4,2
D2R_D01_36L_S36,INRAE,Red_Hawk,Drought,Drought,Drought_Drought,G2,RD02,21.6,1.93,4,2
D4R_D07_39L_S39,INRAE,Red_Hawk,Drought,Drought,Drought_Drought,G2,RD04,20.7,3.71,5,1
D6R_D03_37L_S37,INRAE,Red_Hawk,Drought,Drought,Drought_Drought,G2,RD06,21.3,1.7,5,2
D8R_D09_40L_S40,INRAE,Red_Hawk,Drought,Drought,Drought_Drought,G2,RD08,23,3.53,4,2